repo_name,readme_length,github_wiki_length,readme_completeness,docstring_coverage,documentation_percentage,documentation_up_to_date,documentation_readability,code_examples_ratio
ARParser,7241,0,0.4,0.4944444444444444,0.2153033088235294,0.0526315789473684,21.546583922829587,0.0
authlib,8207,0,0.3333333333333333,0.2049099836333879,0.1571304455752761,0.33248730964467,17.832908405114136,0.0
BinaryFileReader,6966,0,0.2,0.7659574468085107,0.2582872928176795,0.2631578947368421,41.75701542776999,0.0
BlueSkySight,2716,0,0.2,0.7017543859649122,0.2108382726502963,0.0,16.513790849673203,0.0
CaesarCipher,8556,0,0.2,0.2647058823529412,0.629080118694362,1.0,19.326647033158817,0.0
ChromePasswordsStealer,2238,0,0.2,0.8,0.1415730337078651,0.6666666666666666,27.220476190476194,0.0
ComPP,5792,0,0.2666666666666666,0.5,0.0651340996168582,0.0,11.845273873413408,0.0
ComboundFileParser,1829,0,0.2,0.7346938775510204,0.1951219512195122,0.0,32.19800000000001,0.0
Cr0wl3r,8118,0,0.2,0.782608695652174,0.4185788304959289,0.4347826086956521,21.39794792899409,0.0
cyclonedx-buildroot,6396,0,0.1333333333333333,0.0,0.3325,0.0,19.420864197530864,0.0
DiskAnalyzer,3575,0,0.2,0.8681318681318682,0.1536910044372731,0.1428571428571428,41.25639311043567,0.0
python-doubleratchet,2398,0,0.2,0.5913461538461539,0.2902516491570975,0.0869565217391304,23.29874655647384,0.0
ElfAnalyzer,2155,0,0.2,0.4038461538461538,0.0640657084188911,0.0298507462686567,37.11271689497717,0.0
EntropyAnalysis,2871,0,0.2,0.84,0.1341463414634146,1.0,43.75273279352227,0.0
EntropyEncoding,3492,0,0.2,0.8333333333333335,0.1475409836065573,0.5,35.8664459161148,0.0
ExploitDBSighting,3350,0,0.2666666666666666,0.5,0.0923076923076923,0.0,21.760109289617493,0.0
FediVuln,4603,0,0.3333333333333333,0.28125,0.1900826446280991,0.0,16.173427271136006,0.0
filecrawler,6557,0,0.2666666666666666,0.095617529880478,0.0506784824148435,0.0255474452554744,24.274074074074075,0.0
GistSight,1967,0,0.0666666666666666,0.4166666666666667,0.09765625,0.0,19.788947963800904,0.0
KEVSight,1791,0,0.2,0.1666666666666666,0.0707070707070707,0.0,20.656212319790303,0.0
MISPSight,1454,0,0.2,0.4545454545454545,0.1074380165289256,0.0,16.681650230111774,0.0
MetasploitSight,1561,0,0.2,0.7,0.1531728665207877,0.0,19.89907859078592,0.0
MiniVault,2085,0,0.2,0.88,0.4158031088082902,0.7142857142857143,23.28298490127759,0.0
NonCipher,9118,0,0.2,0.3636363636363636,0.3601340033500838,0.2105263157894736,12.08617701485269,0.0
NucleiVuln,2420,0,0.2666666666666666,0.6,0.0742049469964664,0.0,20.12014184397164,0.0
python-omemo,2514,0,0.3333333333333333,0.6532258064516128,0.2965329924908132,0.0476190476190476,16.703859495220865,0.0
python-oldmemo,2242,0,0.2,0.5633802816901409,0.2870605291772381,0.032258064516129,17.949373065015482,0.0
PBinCLI,6224,0,0.2666666666666666,0.0303030303030303,0.054160125588697,0.0666666666666666,17.127700421940933,0.0
PeInjector,7900,0,0.2,0.9310344827586208,0.1413502109704641,0.1428571428571428,24.18672244170733,0.0
PyAsyncDNS,2960,0,0.2,0.9111111111111112,0.2968980797636632,0.0,31.524593088071352,0.0
PyMOSP,3271,0,0.2,0.1944444444444444,0.2538699690402476,0.2222222222222222,17.783664352155117,0.0
pymultitor,6285,0,0.2666666666666666,0.0204081632653061,0.0374449339207048,0.0869565217391304,14.684416488983654,0.0
PyPeLoader,2217,0,0.2,0.9838709677419356,0.1410098522167487,0.1470588235294117,29.57798898071626,0.0
PyPePacker,1859,0,0.2,0.6666666666666665,0.0601336302895322,0.0,27.315124378109456,0.0
PyPeUrlLoader,1894,0,0.2,0.6666666666666665,0.1453488372093023,0.0,29.89205588822356,0.0
QBDI,9020,0,0.4,0.0,0.1316105769230769,0.1041666666666666,18.199817977316343,0.0
pyric,30597,0,0.4,0.5027173913043478,0.2485641653328311,0.3292682926829268,14.690260567458022,0.0
pyrogram-tgcrypto,4319,0,0.1333333333333333,0.0,0.134441087613293,0.0,16.9673597359736,0.0
PyWaves-Curve25519,1191,0,0.1333333333333333,0.0,0.032258064516129,0.0,20.115762237762244,0.0
RC6Encryption,6873,0,0.2,0.923076923076923,0.2731481481481481,0.6153846153846154,22.77227027027028,0.0
RecordFlux,1577,1,0.0,0.0336813742000673,0.0104768441724341,0.026184058529072,15.730501711814425,0.0
RestrictedPython,2997,0,0.1333333333333333,0.5,0.1473975126669737,0.0268817204301075,16.264728853350125,0.0
sfchat,4740,0,0.2,0.1433447098976109,0.1525080906148867,0.0066666666666666,13.625192492288637,0.0
slhdsa,1779,0,0.0,0.0109289617486338,0.0054054054054054,0.2241379310344827,9.21571851851852,0.0
secretstorage,2818,0,0.1333333333333333,0.4655172413793103,0.2501966955153422,0.1666666666666666,20.472755133312905,0.0
ShadowSight,2828,0,0.2666666666666666,0.5882352941176471,0.1737193763919821,0.0,21.09735897435897,0.0
shellcodetester,5770,0,0.1333333333333333,0.3548387096774194,0.0965171192443919,0.019047619047619,19.590987714987723,0.0
SimpleEnvs-Python,12107,0,0.4666666666666667,0.8762214983713354,0.2040128410914927,0.3017241379310345,24.80514353077432,0.0
SupplyChainAnalysis,2715,0,0.2,0.923076923076923,0.2219827586206896,1.7142857142857142,34.74914786967419,0.0
telecrypto,4429,0,0.1333333333333333,0.0,0.1350531107738998,0.0,16.19146227929374,0.0
tgcrypto-pyroblack,4295,0,0.1333333333333333,0.0,0.1086691086691086,0.0,17.500434525569023,0.0
tgcrypto,4279,0,0.1333333333333333,0.0,0.1350531107738998,0.0,17.460903537294318,0.0
TreeCrypt,6963,0,0.0666666666666666,0.0,0.0229226361031518,0.7142857142857143,14.437543091655268,0.0
python-twomemo,1930,0,0.2,0.4553571428571428,0.2100103199174406,0.0204081632653061,17.793845381526108,0.0
Unalix,2095,0,0.1333333333333333,0.1182795698924731,0.1870279875610839,0.0238095238095238,31.926446280991737,0.0
Unalix-Rev,1747,0,0.1333333333333333,0.1170212765957446,0.1870279875610839,0.0238095238095238,28.11817073170732,0.0
VaultAPI-Client-python,3625,0,0.1333333333333333,0.84,0.3263327948303716,0.0689655172413793,26.059281210592683,0.0
VulnTrain,3156,0,0.2,0.0978260869565217,0.092419080068143,0.0,19.28125242889949,0.0
python-whirlpool,2474,0,0.2,0.4864864864864865,0.0703517587939698,0.0,13.690753465943342,0.0
Win32Hooking,2247,0,0.2,0.9066666666666666,0.1378780112762685,0.0714285714285714,19.414363636363635,0.0
python-x3dh,2304,0,0.1333333333333333,0.7565217391304347,0.3247699386503067,0.0638297872340425,18.10485347985348,0.0
python-xeddsa,3247,0,0.2666666666666666,0.3260869565217391,0.2222222222222222,0.0,15.83126727732362,0.0
yubiotp,2585,0,0.1333333333333333,0.3431372549019608,0.2406985573272589,0.1034482758620689,11.915292217327462,0.0
abi3info,1915,0,0.2666666666666666,0.3921568627450981,0.0194058814748469,0.2,20.32447199265381,0.0
certbot,18,33126,0.0,0.43192048012003,0.2275138246247602,0.0059281215264912,13.734902609863749,0.0
acme-mgmtserver,12078,0,0.2666666666666666,0.1130136986301369,0.051703526598924,0.0223463687150838,14.003375460768826,0.0
acquire,2772,0,0.2666666666666666,0.1477477477477477,0.07758061025752,0.0,12.409139784946236,0.0
AEnv,16866,0,0.4666666666666667,0.0,0.036468330134357,0.0,22.852630456588773,0.0
aerleon,8474,0,0.4,0.3497418244406197,0.1199326303456356,0.0373230373230373,12.507158678079428,0.0
ByteBomber,3117,0,0.1333333333333333,0.0,0.0,0.25,7.558589917885694,0.0
HylexCrypt-TU2050,4435,0,0.3333333333333333,0.0303030303030303,0.0689990281827016,0.3703703703703703,14.45340696233538,0.0
ai-model-sentinel,11547,0,0.4,0.0,0.1301675977653631,0.0307898259705488,16.878325203252036,0.0
aia-chaser,3246,0,0.0666666666666666,0.4822695035460992,0.255281690140845,0.0307692307692307,14.289046576941312,0.0
androset,1156,0,0.2,0.0,0.0421052631578947,0.0,35.71634146341464,0.0
pwntools,3042,131,0.2666666666666666,0.4339366515837104,0.2247848411648317,0.0965005302226935,21.491742386460626,0.0
anonlink-client,2073,0,0.1333333333333333,0.2807017543859649,0.1914654688377316,0.0,15.939227393692317,0.0
ansi2image,1898,0,0.1333333333333333,0.2465753424657534,0.0857632933104631,0.0,21.347619047619045,0.0
agecalculator,3357,0,0.3333333333333333,0.15,0.1102941176470588,0.6666666666666666,17.523475103734437,0.0
airlinelookup,3249,0,0.3333333333333333,0.15,0.1102941176470588,0.6666666666666666,17.226653225806448,0.0
airports,3406,0,0.3333333333333333,0.15,0.1102941176470588,0.6666666666666666,17.089160079051386,0.0
airquality,3371,0,0.3333333333333333,0.15,0.1102941176470588,0.6666666666666666,15.968507157464211,0.0
antonym,3172,0,0.3333333333333333,0.15,0.1102941176470588,0.6666666666666666,16.772283916849016,0.0
appstorescraper,16602,0,0.4666666666666667,0.15,0.1102941176470588,0.6666666666666666,23.859838568935427,0.0
articleideas,3459,0,0.3333333333333333,0.15,0.1102941176470588,0.6666666666666666,18.50272821576764,0.0
babynamegenerator,3515,0,0.3333333333333333,0.15,0.1102941176470588,0.6666666666666666,18.4218,0.0
barcodegenerator,3976,0,0.3333333333333333,0.15,0.1102941176470588,0.6666666666666666,20.672255154639178,0.0
bible,3308,0,0.3333333333333333,0.15,0.1102941176470588,0.6666666666666666,15.729716513111269,0.0
binlookup,3509,0,0.3333333333333333,0.0,0.1071428571428571,0.0,16.51743618201998,0.0
bmicalculator,3833,0,0.3333333333333333,0.15,0.1102941176470588,0.6666666666666666,15.543721340388007,0.0
bucketlist,3083,0,0.3333333333333333,0.15,0.1102941176470588,0.3333333333333333,16.998452599388383,0.0
captchagenerator,3831,0,0.3333333333333333,0.15,0.1102941176470588,0.3333333333333333,19.686189956331884,0.0
cardgenerator,4579,0,0.3333333333333333,0.15,0.1102941176470588,0.6666666666666666,17.051940928270046,0.0
cardvalidator,3533,0,0.3333333333333333,0.15,0.1102941176470588,0.6666666666666666,17.293641944990174,0.0
carmodels,4997,0,0.3333333333333333,0.15,0.1102941176470588,0.6666666666666666,24.19068965517241,0.0
chartgenerator,4031,0,0.3333333333333333,0.15,0.1102941176470588,0.6666666666666666,19.585960982658964,0.0
chucknorris,3237,0,0.3333333333333333,0.15,0.1102941176470588,0.3333333333333333,15.16215053763441,0.0
citieslookup,9175,0,0.3333333333333333,0.15,0.1102941176470588,0.6666666666666666,33.37959566987416,0.0
counter,3322,0,0.3333333333333333,0.1818181818181818,0.1244239631336405,0.5,16.6797827198364,0.0
cocktail,6386,0,0.3333333333333333,0.1818181818181818,0.1273584905660377,0.5,17.107338024751275,0.0
colorconverter,3382,0,0.3333333333333333,0.15,0.1102941176470588,0.6666666666666666,17.253435598377283,0.0
colorpalette,4324,0,0.3333333333333333,0.15,0.1102941176470588,0.6666666666666666,18.941582568807345,0.0
commentgenerator,3515,0,0.3333333333333333,0.15,0.1102941176470588,0.6666666666666666,18.24413310412574,0.0
companynamegenerator,3373,0,0.3333333333333333,0.15,0.1102941176470588,0.6666666666666666,18.344445329087048,0.0
contactextractor,4170,0,0.3333333333333333,0.15,0.1102941176470588,0.6666666666666666,21.31477504638219,0.0
coordinatesaresea,3240,0,0.3333333333333333,0.15,0.1102941176470588,0.6666666666666666,17.100309734513278,0.0
countryborders,3380,0,0.3333333333333333,0.15,0.1102941176470588,0.6666666666666666,17.22163580246914,0.0
countryboundaries,87048,0,0.4,0.0,0.1102941176470588,0.6666666666666666,95.50482036100252,0.0
callingcode,3261,0,0.3333333333333333,0.0,0.1102941176470588,0.6666666666666666,16.859834598698487,0.0
countryflags,3788,0,0.3333333333333333,0.0,0.1102941176470588,0.6666666666666666,19.17390991471216,0.0
countrylanguages,3539,0,0.3333333333333333,0.15,0.1102941176470588,0.6666666666666666,18.51997101449276,0.0
countrylookup,5424,0,0.3333333333333333,0.15,0.1102941176470588,0.6666666666666666,22.742927255400257,0.0
countydata,6697,0,0.3333333333333333,0.15,0.1102941176470588,0.6666666666666666,24.485876494023906,0.0
currencyconverter,3269,0,0.3333333333333333,0.15,0.1102941176470588,0.6666666666666666,17.45003246753247,0.0
currencysymbols,7686,0,0.3333333333333333,0.15,0.1102941176470588,0.6666666666666666,32.53056368330465,0.0
dadjokes,3074,0,0.3333333333333333,0.15,0.1102941176470588,0.3333333333333333,14.698124685771749,0.0
datecalculator,3590,0,0.3333333333333333,0.15,0.1102941176470588,0.6666666666666666,17.70194029850747,0.0
dictionary,5881,0,0.3333333333333333,0.15,0.1102941176470588,0.6666666666666666,10.517977924944812,0.0
emaildisposablechecker,3321,0,0.3333333333333333,0.1818181818181818,0.1244239631336405,0.5,18.221730132450336,0.0
distancecalculator,3586,0,0.3333333333333333,0.15,0.1102941176470588,0.6666666666666666,18.044880136986304,0.0
dnslookup,5231,0,0.3333333333333333,0.15,0.1102941176470588,0.6666666666666666,20.02047413793104,0.0
dogbreeds,3683,0,0.3333333333333333,0.15,0.1102941176470588,0.6666666666666666,17.324847328244278,0.0
domainavailability,3278,0,0.3333333333333333,0.15,0.1102941176470588,0.6666666666666666,18.275088495575226,0.0
domainexpiration,3424,0,0.3333333333333333,0.15,0.1102941176470588,0.6666666666666666,17.817251037344402,0.0
emailvalidator,3579,0,0.3333333333333333,0.15,0.1102941176470588,0.6666666666666666,18.564581712062253,0.0
emoji,3392,0,0.3333333333333333,0.1818181818181818,0.1273584905660377,0.5,17.344593495934962,0.0
exercises,8222,0,0.3333333333333333,0.15,0.1102941176470588,0.6666666666666666,10.9676656797434,0.0
fullyqualifieddomain,3346,0,0.3333333333333333,0.15,0.1102941176470588,0.6666666666666666,17.48222103004292,0.0
genderdetector,3234,0,0.3333333333333333,0.15,0.1102941176470588,0.6666666666666666,17.81064516129032,0.0
goldprice,3188,0,0.3333333333333333,0.15,0.1102941176470588,0.6666666666666666,16.057655228758172,0.0
grammarcheck,3298,0,0.3333333333333333,0.15,0.1102941176470588,0.6666666666666666,14.712240663900417,0.0
embeddings,23481,0,0.3333333333333333,0.15,0.1102941176470588,0.6666666666666666,32.925453168391826,0.0
earthquake,10144,0,0.3333333333333333,0.15,0.1102941176470588,0.3333333333333333,40.42553740390302,0.0
chen,9443,0,0.2666666666666666,0.8436018957345972,0.1026275115919629,0.0,18.244029699469653,0.0
dep-scan,15371,0,0.4666666666666667,0.341645885286783,0.0860571609032054,0.0355871886120996,14.873343479154144,0.0
vulnerability-db,8958,0,0.4,0.206286836935167,0.0526438027405744,0.0117994100294985,12.609213675213676,0.0
apsw-sqlite3mc,8652,5960,0.2666666666666666,0.2658767772511848,0.1544653123802223,0.0693181818181818,12.11777502131066,0.0
argon2-cffi,2705,0,0.1333333333333333,0.7058823529411765,0.286286731967943,0.56,14.101027698487233,0.0
argon2-cffi-bindings,5617,0,0.2,0.3,0.0685358255451713,0.0,15.246486068111455,0.0
Arjun,3205,0,0.1333333333333333,0.6285714285714286,0.1316614420062695,0.0,18.657243697479,0.0
armasec,2653,0,0.2,0.508833922261484,0.1686046511627907,0.0405405405405405,12.653865448823549,0.0
arybo,1919,0,0.3333333333333333,0.0456140350877193,0.1152376910016978,0.0513833992094861,16.04209179427188,0.0
asciiqrcode,630,0,0.2,0.5,0.2067307692307692,0.0,0.0,0.0
asyncssh,7644,0,0.4,0.9026845637583892,0.2437086437763768,0.2914798206278027,15.532362283745282,0.0
avendesora,30109,0,0.4,0.2070063694267516,0.1144099286563614,0.3675496688741722,12.761129646244177,0.0
minotaurx_hash,3595,0,0.2666666666666666,0.6666666666666665,0.0764331210191082,0.0,22.53524312896406,0.0
axioms-flask-py,5893,0,0.3333333333333333,0.7416879795396418,0.2118451025056947,0.2203389830508474,20.999389581843705,0.0
axml,5147,0,0.1333333333333333,0.5355648535564853,0.2144482366325369,0.0125786163522012,17.124501806917916,0.0
badchars,11916,0,0.2666666666666666,1.0,0.2037037037037037,0.0,91.93880456349208,0.0
badsnakes,4021,0,0.3333333333333333,0.959847036328872,0.5626076260762608,0.2238805970149253,19.255901608754183,0.0
bandit,4516,0,0.1333333333333333,0.0,0.1997448585124478,0.0101010101010101,19.920282937630702,0.0
ECC,8662,0,0.2666666666666666,0.4871794871794871,0.2807244501940492,0.2608695652173913,17.95453242802346,0.0
bech32m,603,0,0.0666666666666666,0.782608695652174,0.223076923076923,0.0,0.0,0.0
py-beward,3204,0,0.2,0.9090909090909092,0.1491782553729456,0.0793650793650793,17.962053445850916,0.0
bind9-parser,45475,0,0.2666666666666666,0.8223519599666389,0.1896532836720162,0.0612244897959183,11.492922939342892,0.0
bintropy,5265,0,0.1333333333333333,0.4761904761904761,0.1828125,0.0,19.67602121263684,0.0
blackspammerbd-webdev,537,0,0.0666666666666666,0.625,0.1774553571428571,0.0,0.0,0.0
blackspammerbd_webmaster,31633,0,0.6,0.1578947368421052,0.0856164383561643,0.2727272727272727,44.43873737373737,0.0
blake3-py,3751,0,0.2,0.0222222222222222,0.0991217063989962,0.0,13.02793452222518,0.0
blint,10631,0,0.3333333333333333,0.3632385120350109,0.0882609780439121,0.04,13.14716435813914,0.0
BloodRecon,21223,0,0.6,0.96218487394958,0.1318565400843881,0.0,28.898028627952986,0.0
python-bna,2300,0,0.2666666666666666,0.1525423728813559,0.0938511326860841,0.064516129032258,15.581317073170734,0.0
BRS-KB,24863,0,0.5333333333333333,0.0,0.5599026581804568,0.1935483870967742,39.09037155967572,0.0
cacao-password,3504,0,0.2666666666666666,0.9565217391304348,0.2488888888888888,0.0,26.91899360093078,0.0
yubikey-manager,8055,0,0.2666666666666666,0.2382716049382715,0.1495102709706924,0.0,22.643158660844254,0.0
censys-python,5225,0,0.4,0.4912516823687752,0.1954143878838872,0.1422222222222222,15.581933653671047,0.0
censys-cloud-connector,2143,0,0.0666666666666666,0.558041958041958,0.2048973143759873,0.0254545454545454,16.415130174315312,0.0
censys-maltego,2414,0,0.1333333333333333,0.5494505494505495,0.0728429985855728,0.0,15.46053634085213,0.0
dossier,8499,0,0.2666666666666666,0.0153846153846153,0.0051201260338716,0.0,11.472849697034697,0.0
certbot-dns-bookmyname,1218,0,0.0666666666666666,0.4210526315789473,0.1483253588516746,0.1111111111111111,17.979360465116283,0.0
certbot-dns-clouddns,4154,0,0.2,0.2361111111111111,0.2139737991266375,0.0,17.607297146833684,0.0
certbot-dns-corenetworks,2940,0,0.2,0.4230769230769231,0.1560509554140127,0.0,25.29381045115223,0.0
certbot-dns-dnspod-109,4574,0,0.2,0.2941176470588235,0.2810707456978967,0.0588235294117647,14.00082216001179,0.0
certbot-dns-dynu,3084,0,0.3333333333333333,0.4666666666666666,0.0987654320987654,0.2,19.095501309835672,0.0
certbot-dns-dynu-dev,5068,0,0.2666666666666666,0.679245283018868,0.1115618661257606,0.0434782608695652,22.40014343086633,0.0
certbot-dns-dynudns,2235,0,0.2666666666666666,0.25,0.0689655172413793,0.1666666666666666,16.856712659537774,0.0
certbot-dns-exonet,2423,0,0.1333333333333333,0.9803921568627452,0.344758064516129,0.0,18.442164794007493,0.0
certbot-dns-joker,4390,0,0.2,0.1944444444444444,0.2635514018691589,0.0666666666666666,15.488534278959817,0.0
certbot-dns-websupport,4824,0,0.1333333333333333,0.303030303030303,0.0989247311827957,0.0714285714285714,20.397124573378843,0.0
certbot-dns-yandex,1657,0,0.2,0.2631578947368421,0.066079295154185,0.1666666666666666,20.0331223628692,0.0
certbot-nginx-unit,3106,0,0.2666666666666666,0.1851851851851852,0.0826086956521739,0.0,42.567475728155344,0.0
certleak,4431,0,0.2666666666666666,0.5898123324396782,0.1757373061720887,0.1744186046511628,17.92947130336444,0.0
cewler,8913,0,0.3333333333333333,0.119047619047619,0.0304093567251462,0.0384615384615384,17.456203703703704,0.0
cfripper,3942,0,0.0666666666666666,0.0838235294117646,0.101679565288984,0.116580310880829,18.8323005319149,0.0
python-cfssl-cli,1347,0,0.0666666666666666,0.6451612903225806,0.289738430583501,0.0,16.863162729658793,0.0
CheckPasswords,10385,0,0.3333333333333333,0.4264705882352941,0.2705410821643286,0.5,18.573497767405183,0.0
CheckRequirements,8369,0,0.2,0.25,0.0384615384615384,1.0,17.16391902215432,0.0
chipsec,3559,40007,0.1333333333333333,0.1150492264416315,0.1658236538650152,0.1858465608465608,16.332356919293236,0.0
cicada-mpc,800,0,0.0666666666666666,0.4382530120481928,0.4498943225712411,0.1166666666666666,16.709005130974884,0.0
cipher_solver,2966,0,0.2,0.4615384615384615,0.3468426013195099,0.238095238095238,11.922142307692308,0.0
claudeguard,2964,0,0.3333333333333333,0.8852459016393442,0.1228017883755588,0.55,28.412947026437767,0.0
clkhash,2166,0,0.1333333333333333,0.3323529411764706,0.2202651171236608,0.0686274509803921,15.157047790416213,0.0
codehouse_cyber_quiz,5980,0,0.4,0.15625,0.2262895174708818,0.0,21.49703431952663,0.0
cryptography,2249,0,0.1333333333333333,0.0862453531598513,0.0413697671459473,0.8115264797507789,14.599391258564795,0.0
commonregex-improved,3908,0,0.2,0.0396039603960396,0.03862660944206,0.4677419354838709,19.143968374446555,0.0
comp128-python,1674,0,0.1333333333333333,0.391304347826087,0.0507796881247501,0.4545454545454545,17.18591760299626,0.0
comply-chain,21006,0,0.5333333333333333,0.8307692307692308,0.2038149986934936,0.064516129032258,25.43248189799028,0.0
confy-addons,4758,0,0.1333333333333333,0.3478260869565217,0.253763440860215,0.2272727272727272,19.28056928630936,0.0
cli,9599,0,0.2666666666666666,0.9130434782608696,0.4323076923076923,0.0,20.2919300547814,0.0
conjur-api-python,13148,0,0.2,0.4288793103448275,0.2073467581323301,0.1417322834645669,16.695746676163342,0.0
ContentHashPy,6290,0,0.1333333333333333,0.5303030303030303,0.2084063047285464,0.1071428571428571,15.88172443037259,0.0
Corrupter,3226,0,0.0666666666666666,0.75,0.1,0.0,21.038012552301257,0.0
cowrie,5359,184,0.3333333333333333,0.3315688161693936,0.1482941534537233,0.0148305084745762,18.62718991776497,0.0
cpggen,13699,0,0.1333333333333333,0.5192307692307693,0.0855572998430141,0.0,17.8551607347876,0.0
CredoPy,16866,0,0.4666666666666667,0.0,0.036468330134357,0.0,22.852630456588773,0.0
crl-checker,1519,0,0.1333333333333333,0.0,0.0,2.0,27.01523391812866,0.0
cross-crypto-py,4059,0,0.0666666666666666,0.5102040816326531,0.1182868796736913,0.125,29.012636363636364,0.0
falconpy,19083,6752265,0.4666666666666667,0.79979035639413,0.3984444701731923,0.4078383343539498,19.14770647067156,0.0
foundry-fn-python,17354,0,0.3333333333333333,0.5422535211267606,0.1291727140783744,0.25,19.651011094265844,0.0
crypto-licensing,15890,0,0.1333333333333333,0.4143518518518518,0.2833039770093631,0.0601092896174863,28.300561628781303,0.0
cryptography,2249,0,0.1333333333333333,0.0862453531598513,0.0413697671459473,0.8115264797507789,14.599391258564795,0.0
cryptography-suite,36686,0,0.6,0.398355754857997,0.0927926220706209,0.4356435643564356,15.15077073512553,0.0
cryptopix,7800,0,0.4,0.9863013698630136,0.2784772182254196,0.2542372881355932,25.132650293255136,0.0
cryptopix-clwe,6309,0,0.3333333333333333,0.0,0.0121951219512195,0.0,36.6746022929752,0.0
cryptopyutils,3868,0,0.2666666666666666,0.9716312056737588,0.4087167070217917,0.0179640718562874,17.38049605291231,0.0
CryptoPyX,3082,0,0.2,0.2222222222222222,0.1535022354694485,0.0,20.6240349002849,0.0
cryptshield,6343,0,0.4,0.75,0.2223974763406939,0.0,20.01165129151292,0.0
curlreq,385,0,0.0,0.6333333333333333,0.234375,0.0224719101123595,0.0,0.0
cvss,2399,0,0.1333333333333333,0.6881720430107527,0.172258064516129,0.1724137931034483,36.284563674321504,0.0
CyberNinja,6325,0,0.5333333333333333,0.803030303030303,0.393399685699319,0.0,25.378072009291525,0.0
cyclonedx-python,7060,0,0.3333333333333333,0.1019736842105263,0.2333681644026471,0.0144927536231884,16.607019007342114,0.0
cyclonedx-python-lib,4328,0,0.4,0.2688223938223938,0.2393868487655795,0.06963249516441,18.446966972926912,0.0
czds,5445,0,0.2666666666666666,0.7,0.2197802197802197,0.3333333333333333,16.574787581699344,0.0
D2-Python,39302,0,0.6,0.6225099601593626,0.1818954738684671,0.0609756097560975,16.393696427253506,0.0
data-safe-haven,39047,0,0.2,0.2725321888412017,0.0684864457831325,0.0082304526748971,19.351601251549507,0.0
Deep-Dir,8511,0,0.4666666666666667,0.771186440677966,0.1270842721946823,0.0,34.076826156299845,0.0
DeepRecon,11368,0,0.5333333333333333,0.0,0.0017196904557179,0.2386363636363636,39.53789941902687,0.0
dep-hallucinator,3212,0,0.3333333333333333,0.9311531841652324,0.1510290986515259,0.0,28.561706549118387,0.0
devdotenv-python,6843,0,0.2666666666666666,0.99,0.2849298352654057,0.0,17.88075474369867,0.0
DeviceFingerprinting,41885,0,0.6666666666666666,0.8584070796460178,0.1870036101083032,0.1173184357541899,36.90132757773287,0.0
devtools-py,14478,0,0.2666666666666666,0.885112168592794,0.1988560787443469,0.0154440154440154,36.28569508026929,0.0
dicewarepy,9494,0,0.2,0.8035714285714286,0.1813380281690141,0.0217391304347826,17.534841772151903,0.0
dipense,5165,0,0.2,0.2677595628415301,0.1750710227272727,0.0121951219512195,10.635795120861944,0.0
DisCapTy,5113,0,0.1333333333333333,0.5177304964539007,0.359253499222395,0.3157894736842105,15.36874481342006,0.0
django-agent-trust,3347,0,0.2,0.1597222222222222,0.126465661641541,0.0549450549450549,13.197809583223364,0.0
django-axes,2498,0,0.2666666666666666,0.144578313253012,0.1131712676830105,0.0443458980044345,16.358982261504902,0.0
django-ca,1871,0,0.1333333333333333,0.7753357753357755,0.2088742413890117,0.0553319919517102,14.342607771752522,0.0
django-ca-cmc,5957,0,0.1333333333333333,0.7967479674796748,0.1399904443382704,0.0140845070422535,13.867930830039526,0.0
django-cryptography,1786,0,0.1333333333333333,0.1102362204724409,0.0564024390243902,0.140625,22.17396260829913,0.0
django-dysession,8173,0,0.2,0.0988372093023255,0.0547067520946278,0.02,16.842533835082858,0.0
django-fast-iprestrict,11374,0,0.2666666666666666,0.0,0.0202702702702702,0.0387596899224806,18.58592745799154,0.0
django-guardian,3559,0,0.2666666666666666,0.2807183364839319,0.1720042098932491,0.0960548885077186,16.142730255275065,0.0
django-guardian,3559,0,0.2666666666666666,0.2807183364839319,0.1720042098932491,0.0960548885077186,16.142730255275065,0.0
django-oauth2-authcodeflow,14893,0,0.4,0.0909090909090909,0.04641940751108,0.08,19.35034310089021,0.0
django-oauth2-codeflow,14709,0,0.4,0.0909090909090909,0.0463795551348793,0.08,19.415097532989098,0.0
django-otp,6528,0,0.2,0.245798319327731,0.222999641191245,0.1538461538461538,14.219253309718162,0.0
django-otp-agents,2290,0,0.1333333333333333,0.1311475409836065,0.1343873517786561,0.048780487804878,12.73959366024891,0.0
django-otp-messagebird,675,0,0.0666666666666666,0.2459016393442623,0.121580547112462,0.2222222222222222,18.995066883586407,0.0
django-otp-signal,683,0,0.0666666666666666,0.2325581395348837,0.1027667984189723,0.2,17.580182767624027,0.0
django-otp-twilio,2230,0,0.1333333333333333,0.2244897959183673,0.0964083175803402,0.1875,12.357887879512312,0.0
django-otp-yubikey,2417,0,0.1333333333333333,0.1509433962264151,0.1512125534950071,0.1935483870967742,14.006133610245762,0.0
django-permission2,7011,0,0.4,0.1590909090909091,0.2015579357351509,0.078125,31.49176950742768,0.0
django_pyoidc,6533,0,0.4,0.3176100628930817,0.1247172372191223,0.1443298969072164,15.59101555751425,0.0
django-scrubber,12835,0,0.0666666666666666,0.1627906976744186,0.1079590228526398,0.25,13.46759217750057,0.0
django-secrets,2829,0,0.2,0.0833333333333333,0.1156462585034013,0.0909090909090909,13.634705882352945,0.0
django-two-factor-auth,3428,0,0.2666666666666666,0.1422535211267605,0.1041855643384735,0.0494791666666666,16.51937281861449,0.0
django-wsgi,1239,0,0.2,0.4666666666666666,0.3490945674044265,0.2727272727272727,15.731978513230946,0.0
django-x509,18045,0,0.4666666666666667,0.1644444444444444,0.0562897699461576,0.180327868852459,19.8219459770504,0.0
DNS-Security,9452,0,0.3333333333333333,0.8433734939759038,0.1086807928913192,0.2857142857142857,22.448743224364343,0.0
scaffold,2160,0,0.2,0.6726342710997443,0.3198401667824878,0.3018867924528302,10.701696239997332,0.0
drf-recaptcha,5936,0,0.1333333333333333,0.0,0.0161127895266868,0.0689655172413793,17.9805400847728,0.0
drf-simple-oauth2,5861,0,0.3333333333333333,0.46,0.0823104693140794,0.074074074074074,14.622126984126986,0.0
dtPyAppFramework,8941,0,0.5333333333333333,0.7206931702344547,0.1875829523669075,0.5028571428571429,32.74128095396628,0.0
DTP-password-manager,10341,0,0.0666666666666666,0.0666666666666666,0.0803443328550932,0.0,11.150286039756905,0.0
dumbpw,4331,0,0.1333333333333333,0.5370370370370371,0.1844660194174757,0.0,15.418543823326434,0.0
dynamodblock,21347,0,0.3333333333333333,0.3770491803278688,0.2401536983669548,0.8571428571428571,15.303667266540256,0.0
carbon,2416,0,0.2666666666666666,0.609375,0.0527093596059113,0.0,17.458663967611333,0.0
fossil,2744,0,0.2666666666666666,0.7551020408163265,0.0565770862800565,0.0,18.079200904636263,0.0
fusion,4210,0,0.1333333333333333,0.7819148936170213,0.0897580191333708,0.1693548387096774,23.66956805759232,0.0
helium,2484,0,0.2666666666666666,0.6631578947368421,0.0606207565470417,0.0,17.35428944246738,0.0
iron,2871,0,0.2666666666666666,0.6193548387096774,0.0680489101541733,0.0,20.96876947040499,0.0
neon,2330,0,0.2666666666666666,0.6666666666666665,0.0647336480107889,0.0,16.67198734844491,0.0
plasma,2246,0,0.2666666666666666,0.5912208504801097,0.0552018915969443,0.0,17.600952380952382,0.0
eduMFA,5596,0,0.3333333333333333,0.3998466551658041,0.2139459244889204,0.031578947368421,11.711617442707963,0.0
coincurve,2413,0,0.0666666666666666,0.233502538071066,0.2261286456252497,0.0533333333333333,28.80271276177908,0.0
email-hunter,4851,0,0.2,0.4615384615384615,0.3964194373401534,0.0,13.035351238858134,0.0
encryptiontools-pypi,3340,0,0.2,0.4347826086956521,0.2127107652399481,0.6052631578947368,33.186188216686446,0.0
endesive,3978,0,0.0666666666666666,0.0,0.1489554950045413,0.0112540192926045,19.97884176492964,0.0
envseal,1271,0,0.1333333333333333,0.975609756097561,0.1791269443050677,0.24,22.23912568468241,0.0
etoolkit,13658,0,0.3333333333333333,1.0,0.2388146426496223,0.0625,13.49746756201084,0.0
EzEmailMXVerifier,24957,0,0.2666666666666666,0.4929577464788732,0.1429508196721311,0.6538461538461539,22.52407507989004,0.0
facedancer,6492,0,0.3333333333333333,0.580335731414868,0.2622862007584552,0.1775956284153005,18.49458688250525,0.0
faraday,6556,9027,0.4666666666666667,0.1794154228855721,0.1087279749799189,0.0033370411568409,32.589081473793456,0.0
fast-file-encryption,2893,0,0.2666666666666666,0.6412213740458015,0.2398058252427184,0.4642857142857143,12.874801983161134,0.0
fastaccesslimiter,17572,0,0.2666666666666666,0.5142857142857142,0.1230982019363762,0.3636363636363636,12.374138145440554,0.0
fastapi-jwt-harmony,9683,0,0.4,0.4242424242424242,0.2441140024783147,0.2740740740740741,27.192120589548903,0.0
fastCrypter,7555,0,0.4,0.9758064516129032,0.2475915221579961,0.15,27.06953038674033,0.0
fastratelimiter,17930,0,0.2666666666666666,0.4766355140186916,0.2037292817679558,0.4210526315789473,18.617638636210504,0.0
FHConfParser,7766,0,0.2666666666666666,0.5365853658536586,0.5059445178335535,0.3125,15.710293964777415,0.0
FHMake,7968,0,0.2666666666666666,1.0,0.3146853146853147,1.0,16.738051163231848,0.0
python-fido2,4378,0,0.4,0.2836624775583483,0.204314182743269,0.0043859649122807,13.71689207735496,0.0
figtion,4036,0,0.1333333333333333,0.1714285714285714,0.0483516483516483,0.4,12.972978890989292,0.0
file-validator,5749,0,0.0666666666666666,0.7614678899082569,0.1175474254742547,0.2575757575757575,25.52872282843298,0.0
fingerprint-pro-server-api-python-sdk,22176,0,0.4666666666666667,0.932746196957566,0.3891962964992055,0.4683544303797468,18.888152854195884,0.0
firebase-scrypt-python,2765,0,0.1333333333333333,0.4545454545454545,0.320754716981132,0.1666666666666666,16.425033557046984,0.0
firewheel,6439,0,0.2,0.448744769874477,0.2752265694076038,0.0504540867810292,13.90358834075587,0.0
capa,21899,0,0.4,0.2503793626707132,0.1219595542917119,0.0109119251753702,17.623579312647788,0.0
fnfqueue,1886,0,0.0,0.4285714285714285,0.177449168207024,0.1818181818181818,14.331666666666669,0.0
python-focsec,2197,0,0.1333333333333333,0.6041666666666666,0.2447183098591549,0.8095238095238095,23.90032702237522,0.0
fs,8742,0,0.2666666666666666,0.2040816326530612,0.1731066460587326,0.0357142857142857,19.949570609870843,0.0
fsr-tools,1299,0,0.1333333333333333,0.7058823529411765,0.6564885496183206,0.2,26.17188824662813,0.0
python-fuzzy-extractor,2772,0,0.2666666666666666,0.6842105263157895,0.394990366088632,0.25,13.845383538760217,0.0
x-gal,14691,0,0.2,0.9849397590361444,0.1655371129418449,1.2727272727272727,26.60405217719629,0.0
gcve,4402,0,0.2,0.6923076923076923,0.1995412844036697,0.25,22.91058823529412,0.0
gdmongolite,15357,0,0.4,0.7452830188679245,0.1275812179402867,0.1902654867256637,35.52228410455342,0.0
gemato,3025,0,0.1333333333333333,0.3350694444444444,0.1504319058996508,0.0,15.112758620689656,0.0
generaptor,3905,0,0.3333333333333333,0.8116883116883116,0.0622680412371134,0.0129870129870129,18.414366197183103,0.0
geofence-validator,17574,0,0.4,0.8503401360544217,0.4006568144499179,0.4883720930232558,15.372003185431872,0.0
gethash,3452,0,0.2,0.2207207207207207,0.1665857212238951,0.1384615384615384,12.1104969745065,0.0
ggshield,8450,0,0.4,0.4300168634064081,0.1370176187282814,0.0045871559633027,12.52330368680746,0.0
workflows,18304,0,0.4,0.6417910447761195,0.3033407572383073,0.019047619047619,17.23057237676188,0.0
Ghostpeek,4851,0,0.3333333333333333,0.2222222222222222,0.0616591928251121,0.0,22.424705882352946,0.0
giis-signer,15049,0,0.1333333333333333,0.95,0.2261989978525411,1.0,18.73294849737581,0.0
github_package_scanner,17858,0,0.5333333333333333,0.9478346456692912,0.1590153314618873,0.2977272727272727,26.73776808875579,0.0
GitSnipe,5070,0,0.3333333333333333,0.5,0.0349854227405247,0.0,14.520356472795502,0.0
GitSpyX,9440,0,0.5333333333333333,0.5833333333333334,0.0368421052631578,0.0,17.047584250420694,0.0
gitupdater,163,0,0.0,0.0,0.0298507462686567,0.5,0.0,0.0
KEK,2497,0,0.1333333333333333,0.0301507537688442,0.0045425048669695,0.1680672268907563,30.385481927710845,0.0
python-gnupg,6,0,0.0,0.6748633879781419,0.2973236537002925,0.1111111111111111,11.422305824825983,0.0
goodsync,2623,0,0.1333333333333333,0.75,0.2772861356932153,0.5555555555555556,16.564588430437492,0.0
gpp-decrypt,4221,0,0.1333333333333333,0.6923076923076923,0.149746192893401,0.2857142857142857,20.236563286945,0.0
Gradus,5638,0,0.2,0.0588235294117647,0.0264705882352941,0.0,24.49551781275891,0.0
graphene-protector,10448,0,0.3333333333333333,0.010204081632653,0.0344686089454247,0.1428571428571428,20.50899503808792,0.0
grim,27360,0,0.5333333333333333,0.873015873015873,0.1400894187779433,0.0,24.66874166957057,0.0
gtfo,4470,1745,0.3333333333333333,0.3333333333333332,0.0416666666666666,0.0,24.059880481513336,0.0
haliosai-python-sdk,8249,0,0.4666666666666667,0.6301369863013698,0.2157464212678936,0.09375,23.821252415925787,0.0
hash-id,8843,0,0.4666666666666667,0.84375,0.1208244491826581,0.375,29.44299950908199,0.0
hexaeight-agent,4008,0,0.4666666666666667,0.8729508196721312,0.1330299317346402,0.0181818181818181,14.634763317266104,0.0
horcrux,20673,0,0.5333333333333333,0.8604651162790699,0.2405688327078807,0.0679611650485436,18.500035842293908,0.0
httpx-secure,2775,0,0.0666666666666666,0.0857142857142857,0.0389344262295082,0.0,18.2031112199902,0.0
mdtex2html,2765,0,0.1333333333333333,0.7272727272727273,0.1902985074626865,0.1666666666666666,13.243282828282826,0.0
orca-toolbox,165,0,0.0,0.0619469026548672,0.032798009500113,0.0,0.0,0.0
id,3595,0,0.1333333333333333,0.2068965517241379,0.1414219474497681,0.0476190476190476,19.000682976554533,0.0
inex_library,35008,0,0.4,0.7716535433070866,0.3457471264367816,0.8953488372093024,56.27004463611267,0.0
intelmq,13,111049,0.0,0.3695121951219512,0.1438532811156748,0.6039279869067103,12.774704159040834,0.0
inverse_code,26531,0,0.2,0.7528089887640449,0.1809128630705394,0.6119402985074627,48.96710898363576,0.0
invoke-release,18396,0,0.2666666666666666,0.17,0.0772257747171667,0.2666666666666666,15.420136812639232,0.0
iocparser,6703,0,0.2666666666666666,0.9096045197740112,0.2408227024212444,0.3052631578947368,71.55077030162413,0.0
IPFindX,20325,0,0.6,0.9,0.0875,0.0,35.210776699029125,0.0
ivre,6792,0,0.4,0.3238419039524012,0.056363393810032,0.025830258302583,13.357582613398616,0.0
jaegis-RAVERSE,265170,0,0.8666666666666667,0.918525703200776,0.164744032746797,0.6417624521072797,25.47882574704163,0.0
joern-lib,5419,0,0.3333333333333333,0.875,0.0455255959359124,0.0208333333333333,17.98202947003467,0.0
josepy,584,0,0.0,0.2925311203319502,0.1937748654341212,0.0039215686274509,43.20375,0.0
joserfc,3405,0,0.2666666666666666,0.143030303030303,0.0893500925655266,0.3674242424242424,17.755147143020725,0.0
jpeglib,3736,0,0.2666666666666666,0.5805471124620061,0.2693686671862821,0.1759259259259259,17.707920884889393,0.0
JsHunter,18369,0,0.4,0.704,0.1076047594412829,0.0,28.18912134819003,0.0
jsntlib,386,0,0.1333333333333333,0.0125,0.1078514498897744,0.0,0.0,0.0
mitmproxy-ban,501,0,0.1333333333333333,0.0,0.090923066172874,0.0481867858917039,12.368520222748476,0.0
py-jws-algorithms,7143,0,0.3333333333333333,0.3191489361702128,0.1101141924959216,0.1944444444444444,24.700700954400848,0.0
python-jwt,2578,0,0.1333333333333333,0.0350877192982456,0.1559228650137741,0.0897435897435897,16.614909771876068,0.0
keccaky,844,0,0.0666666666666666,0.05,0.073555166374781,0.1176470588235294,27.56803738317757,0.0
secrets-manager,15216,0,0.2666666666666666,0.2138275124732715,0.1159386068476977,0.001466275659824,39.13754007739082,0.0
KeyDive,8099,0,0.2666666666666666,0.7010309278350515,0.3721652687169928,0.1153846153846153,15.068737891699296,0.0
keysec,6986,0,0.2,0.0208333333333333,0.0784615384615384,0.0,15.12019792258798,0.0
keyt,4889,0,0.2,0.4583333333333332,0.1975609756097561,0.0,8.726579234972679,0.0
knowsmore,8477,0,0.1333333333333333,0.0866807610993657,0.0658090976882923,0.0194552529182879,18.247025833221787,0.0
Krakipy,2926,0,0.3333333333333333,0.5566037735849056,0.5751824817518248,0.1304347826086956,45.19092771303714,0.0
kryptomime,2056,0,0.2,0.1916376306620209,0.1537324464153732,0.1282051282051282,20.60649642492339,0.0
launch-cert-tool,4050,0,0.3333333333333333,0.2352941176470588,0.1311706629055007,0.0,14.006362167982772,0.0
LeakPy,14905,0,0.4,0.9476987447698746,0.2930113768284189,0.1273885350318471,22.963699698354784,0.0
lets-do-dns,2939,0,0.2,0.3260869565217391,0.0462695199537304,0.0,25.235909090909093,0.0
libit,11359,4588,0.3333333333333333,0.8419540229885059,0.2074457083764219,0.3982300884955752,44.91815151515151,0.0
libnacl,1729,0,0.2,0.5238095238095238,0.2263434579439252,0.8852459016393442,14.105441861001548,0.0
LicenseCheck,18697,0,0.5333333333333333,0.4016393442622951,0.1359577922077922,0.524390243902439,25.45762937004037,0.0
LicenseMatrix,8082,0,0.2666666666666666,1.0,0.4316860465116279,1.1428571428571428,19.18042326893857,0.0
LicensingPy,18765,0,0.2666666666666666,0.9655172413793104,0.2049226179377214,0.0428571428571428,31.025021987686905,0.0
light-captcha,4869,0,0.2666666666666666,0.8571428571428571,0.1712473572938689,0.2857142857142857,67.08010204081633,0.0
logwatchdog,6472,0,0.4666666666666667,0.95,0.2772727272727273,0.0,23.62366694011485,0.0
m209,1110,0,0.1333333333333333,0.504950495049505,0.2288828337874659,0.2101449275362318,10.900055343839307,0.0
macen,12078,0,0.2666666666666666,0.1130136986301369,0.051703526598924,0.0223463687150838,14.003375460768826,0.0
magika,10037,0,0.4666666666666667,0.2639405204460966,0.1722846441947565,0.0298507462686567,17.75031989489168,0.0
bazaar,20429,0,0.2666666666666666,0.0396039603960396,0.0040705563093622,0.1774193548387097,25.44199391841146,0.0
masked-input,13073,0,0.4,0.32,0.1563876651982378,0.0,26.205292360221936,0.0
mcp-pypi,11319,0,0.4666666666666667,0.863013698630137,0.1898962084304172,0.2371794871794871,27.66339721476413,0.0
pypi-query-mcp-server,21532,0,0.5333333333333333,0.9321401938851605,0.1530612244897959,0.0,22.17150265495876,0.0
memory-journal-mcp,18832,273874,0.4666666666666667,0.8115015974440893,0.1518708083303918,0.217877094972067,26.499474735238184,0.0
merkly,6334,0,0.2666666666666666,0.1368421052631579,0.1252446183953033,0.0847457627118644,127.31356731095286,0.0
meta-package-manager,25797,0,0.2666666666666666,0.649624060150376,0.3960229578526291,0.1270491803278688,18.62261908054913,0.0
metascout,12214,0,0.3333333333333333,0.9456264775413712,0.1830508474576271,0.0198019801980198,28.429741247770306,0.0
metisos_agentV1,15276,0,0.6,0.3529411764705882,0.1176470588235294,0.8571428571428571,41.70183291245792,0.0
miarec_sshfs,6854,0,0.2666666666666666,0.233009708737864,0.1833227243793762,0.0294117647058823,17.121576250417736,0.0
minisignxml,4922,0,0.1333333333333333,0.0263157894736842,0.0171026156941649,0.0526315789473684,18.10610280475827,0.0
misp-modules,27408,0,0.2666666666666666,0.2264334305150631,0.0834892192576548,0.0350076103500761,18.84650052724248,0.0
cti-python-stix2,6863,0,0.4,0.2059504132231405,0.1245208118468933,0.0083487940630797,17.380876952798186,0.0
mitmproxy,4167,4744,0.2,0.1747513389441469,0.0808657225373186,0.0596412556053811,12.610442508878704,0.0
mjpeg-streamer,5722,0,0.2666666666666666,0.0,0.0151933701657458,0.4545454545454545,10.931957630328997,0.0
mkx,3422,2266,0.1333333333333333,0.1,0.0516545601291364,0.0,15.675890109890108,0.0
mmgen-node-tools,3382,0,0.0666666666666666,0.0901408450704225,0.1823184152604549,0.0,26.28310945273632,0.0
mmgen-wallet,11478,0,0.1333333333333333,0.1224206693254725,0.1047493598581839,0.0375,17.923136287070736,0.0
Mobile-Security-Framework-MobSF,11997,110,0.1333333333333333,0.6927665920954511,0.1183177308928321,0.0011820330969267,29.377240973312407,0.0
moonito-python,6051,0,0.1333333333333333,0.9,0.1893805309734513,0.2666666666666666,39.65819672131147,0.0
captcha,1917,0,0.2,0.4418604651162791,0.2173274596182085,0.2105263157894736,13.35913433174495,0.0
msticpy,15612,25897,0.5333333333333333,0.8656263545730386,0.2829149981242529,0.2552926525529265,20.086855414477785,0.0
nsec3map,10271,0,0.4,0.0652173913043478,0.0421489408167722,0.0172413793103448,13.806253495608336,0.0
neonpay,0,0,0.0,0.7596717467760844,0.1181936443040327,0.3896551724137931,21.25174228282721,0.0
netora,0,0,0.0,0.0,0.0034904013961605,0.0,10.667168831168834,0.0
neutrino-api-client-requests,998,0,0.1333333333333333,0.9594594594594592,0.4838900384274313,0.0256410256410256,59.93383561643836,0.0
nfstream,25561,0,0.3333333333333333,0.481981981981982,0.1919741883444242,0.2525252525252525,19.93298456588844,0.0
nginx-defender,30581,0,0.5333333333333333,0.6481481481481481,0.1773533424283765,0.5,32.93646768481196,0.0
npss,927,0,0.1333333333333333,0.1538461538461538,0.1975308641975308,0.0,0.0,0.0
obfuscator,1263,0,0.2666666666666666,0.4266666666666667,0.3043160204828091,0.1818181818181818,16.976803069053712,0.0
obfuslite,17034,0,0.5333333333333333,0.8573975044563281,0.1520529244985823,0.1574803149606299,18.959991563788453,0.0
onetimepass,6076,0,0.1333333333333333,0.972222222222222,0.4727564102564103,0.0,15.942479614893411,0.0
onvif-python,60196,0,0.6666666666666666,0.0,0.1489864694934862,0.0803689064558629,24.735026438188505,0.0
sdk-python,4480,0,0.4666666666666667,0.75,0.2,0.7702702702702703,31.376799250209647,0.0
opencanary,11199,17138,0.4666666666666667,0.2473572938689217,0.1286801665948585,0.0510204081632653,14.738502362880864,0.0
opentrustprotocol,11882,0,0.5333333333333333,0.9893617021276596,0.294010889292196,0.2054794520547945,31.45921258549932,0.0
ossindex-python,4518,0,0.4,0.2233009708737864,0.2772277227722772,0.1290322580645161,16.983110533989436,0.0
otpauth,1589,0,0.2,0.2666666666666666,0.2299349240780911,1.4444444444444444,11.591700994674971,0.0
otterdog,7815,0,0.4,0.0606585788561525,0.0661617142487214,0.0448504983388704,23.910236860209064,0.0
owiener,2485,0,0.0666666666666666,0.875,0.4685314685314685,0.1666666666666666,16.60212017167382,0.0
paramiko,2353,30,0.1333333333333333,0.3857519788918205,0.2984965975629055,0.0,19.67720893141946,0.0
parser201,1463,0,0.2666666666666666,0.96875,0.4120982986767486,0.0303030303030303,14.073979591836736,0.0
pass-audit,7849,0,0.2666666666666666,0.7946428571428571,0.1605465414175918,0.0,15.302784469885516,0.0
pass-import,34657,0,0.3333333333333333,0.7831858407079646,0.1677936962750716,0.3625730994152046,26.613730762179014,0.0
passinfo_sdk,16985,0,0.2666666666666666,0.7741935483870968,0.673866090712743,0.6111111111111112,27.93720714787496,0.0
passme,1002,0,0.2,0.0,0.1428571428571428,0.4,10.6524385097661,0.0
PyPass,2171,0,0.2,0.0444444444444444,0.0412621359223301,0.0,12.31887323943662,0.0
opencanary,11199,17138,0.4666666666666667,0.2473572938689217,0.1286801665948585,0.0510204081632653,14.738502362880864,0.0
pdfalyzer,25439,0,0.4,0.5787965616045845,0.1378318584070796,0.0454545454545454,13.51033212560387,0.0
pdfcipher,2171,0,0.1333333333333333,0.4666666666666666,0.3273381294964029,0.0,13.868564102564104,0.0
permission-storage-manager,18316,0,0.4,0.7064965197215777,0.2407407407407407,0.5697674418604651,32.537354128752256,0.0
piiip,9176,0,0.3333333333333333,0.3684210526315789,0.1457174638487208,0.025,15.488600274097768,0.0
pip-audit,26159,0,0.4,0.3227722772277228,0.1571029157236053,0.0140845070422535,17.981963582341795,0.0
pirate_chain_py,1304,0,0.2,0.9210526315789472,0.7997936016511867,0.0606060606060606,21.707151515151512,0.0
pki-tools,1973,0,0.2666666666666666,0.3933463796477495,0.1856386109476162,0.06282722513089,95.92510489510492,0.0
plyara,7622,0,0.2,0.716,0.1630199567203654,0.057471264367816,17.218054943902697,0.0
ngc,4714,0,0.1333333333333333,1.0,0.1070038910505836,0.0,14.326461927766278,0.0
strings,432,0,0.0666666666666666,1.0,0.0680190930787589,0.0,0.0,0.0
poottu,8916,0,0.4,0.0,0.0137474541751527,0.0181818181818181,12.387930540853876,0.0
ppklib,8208,0,0.4,0.9737704918032788,0.5648335015136225,0.2558139534883721,16.721486053955193,0.0
pqbit,129,0,0.0,0.4019607843137255,0.2476303317535545,0.0,0.0,0.0
PolarDNS,11389,0,0.4,0.0,0.2398509250632237,0.0,15.445683124240215,0.0
precli,2203,0,0.13333333333333333,0.0,0.3254134533945527,0.028469750889679714,85.71420153482276,0.0
pride-checksum,6748,0,0.26666666666666666,0.6538461538461539,0.12864077669902912,0.0,23.951701357466067,0.0
privacyidea,9092,0,0.4,0.3916642462968342,0.23388189010233038,0.03027845363611787,12.315300825997934,0.0
psengine,1573,0,0.26666666666666666,0.2620111731843575,0.15462386877828055,0.11736334405144695,12.961794363840834,0.0
pshitt,3046,0,0.2,0.05,0.09897610921501707,0.0,27.84792207792208,0.0
ptdos,5531,0,0.4,0.78,0.16750756811301717,0.038461538461538464,11.504007251631617,0.0
purple,11447,0,0.26666666666666666,0.5217391304347826,0.22202327663384064,0.1935483870967742,12.62957857287245,0.0
pwndck,1583,0,0.13333333333333333,0.3157894736842105,0.06785714285714285,0.0,10.362261904761908,0.0
pwnedpwd,2885,0,0.13333333333333333,0.0,0.0,0.0,14.844794745484403,0.0
pwntools-elfonly,647,0,0.13333333333333333,0.4301330798479088,0.2389550963668747,0.09713024282560706,21.95753375527426,0.0
enigma,5793,0,0.26666666666666666,0.6666666666666665,0.32936507936507936,0.08196721311475409,17.681228508308525,0.0
py-hsm,11023,0,0.3333333333333333,0.41216216216216217,0.3206468152238217,0.3770491803278688,28.83343820224719,0.0
py-jwt-validator,6690,0,0.26666666666666666,0.09302325581395349,0.07,0.26666666666666666,11.608525756160645,0.0
py-jwt-verifier,6690,0,0.26666666666666666,0.09302325581395349,0.07,0.26666666666666666,11.608525756160645,0.0
py-tree-sitter-spthy,1350,0,0.2,0.8222222222222222,0.1134020618556701,0.0,15.55434394904459,0.0
py4phi,9652,0,0.4,0.4652777777777778,0.219831223628692,0.06206896551724138,15.86952238335435,0.0
pyAndroZoo,1479,0,0.13333333333333333,0.0,0.04878048780487805,1.0,26.058123249299722,0.0
pyHIDS,6002,0,0.26666666666666666,0.5,0.1379980563654033,0.0,10.819593495934964,0.0
pyopenssl,1665,0,0.06666666666666667,0.7580645161290324,0.30166333998669326,0.12953367875647667,12.785847935847936,0.0
pyaim,15288,0,0.4666666666666667,0.9032258064516128,0.2327718223583461,0.75,26.18544767351644,0.0
pyargon2,3796,0,0.26666666666666666,0.375,0.16790123456790124,0.25,12.366634633502922,0.0
pyauthenticator,3685,0,0.2,0.38636363636363635,0.2,0.047619047619047616,19.907184781197248,0.0
pycanon,7378,0,0.2,0.7156862745098038,0.3233766233766234,0.05714285714285714,26.657863222338367,0.0
pyccat,2842,0,0.13333333333333333,0.34615384615384615,0.07432432432432433,0.0,12.837186147186149,0.0
pycryptodome,3498,34,0.06666666666666667,0.22545063223029324,0.2368815592203898,0.3274647887323944,14.384569057140322,0.0
cryptoscan,24836,0,0.4,0.875,0.21224325412807088,0.3541666666666667,60.95972027972029,0.0
PyCVESearch,2336,0,0.13333333333333333,0.32,0.17880794701986755,0.8888888888888888,15.134503496503495,0.0
pydc-auth,3635,0,0.13333333333333333,0.5217391304347826,0.19104477611940296,0.5,38.17936708860759,0.0
pydiagral,6838,0,0.4,0.9815950920245399,0.43204238217025936,0.02,16.160589189539944,0.0
pydvdcss,1311,0,0.06666666666666667,0.5833333333333334,0.3544303797468354,0.21739130434782608,13.060715691877817,0.0
PyEncryptor,3372,0,0.13333333333333333,0.75,0.2219626168224299,0.5,21.72693693693694,0.0
PyEUPI,662,0,0.2,0.1,0.11704834605597965,0.45454545454545453,15.013703703703705,0.0
py-gitguardian,3797,0,0.3333333333333333,0.37337662337662336,0.1323050556983719,0.024896265560165973,20.066801932367152,0.0
libgreat,819,0,0.0,0.9111111111111111,0.35760026963262553,0.0,0.0,0.0
PyHashlookup,616,0,0.2,0.3783783783783784,0.14285714285714288,0.03571428571428571,18.826551724137932,0.0
pyhttpx-pro,6698,0,0.3333333333333333,0.7857142857142857,0.0974124809741248,0.0,22.51456823266219,0.0
pyipasnhistory,1364,0,0.2,0.5,0.20132013201320131,0.125,14.47088093208298,0.0
pykalimux,1996,0,0.13333333333333333,0.0,0.124031007751938,0.0,22.174014939309057,0.0
PyLacus,1197,0,0.13333333333333333,0.38095238095238093,0.0967741935483871,0.18181818181818182,15.900833333333335,0.0
pylcg,11461,0,0.26666666666666666,0.8448275862068965,0.2249560632688928,0.08333333333333333,19.203999999999997,0.0
Linear_Feedback_Shift_Register,17485,52,0.3333333333333333,0.5444444444444444,0.44519678374947097,0.9272727272727272,29.10071455419666,0.0
pylibsrtp,2945,0,0.13333333333333333,0.3,0.15911730545876887,0.15151515151515152,23.12198047419805,0.0
PyLookyloo,959,0,0.2,0.5280898876404494,0.23628691983122363,0.015625,11.461923076923078,0.0
PyLookylooMonitoring,822,0,0.13333333333333333,0.5135135135135135,0.19274376417233563,0.041666666666666664,15.98001373626374,0.0
core,19786,0,0.5333333333333333,0.8053866203301477,0.19163999824646005,0.20227038183694532,29.900969136630724,0.0
PyMISP,6489,0,0.2,0.3321604503870514,0.14614920571083853,0.06047197640117994,16.531207685542658,0.0
PyMISPGalaxies,465,0,0.06666666666666667,0.4666666666666666,0.33572710951526036,0.08333333333333333,0.0,0.0
PyMISPWarningLists,538,0,0.13333333333333333,0.05084745762711865,0.07775768535262206,0.0,0.0,0.0
pymuxkali,2882,0,0.13333333333333333,0.0,0.16161616161616163,0.0,17.291621621621626,0.0
pyosintleak,2200,0,0.13333333333333333,0.0,0.00352112676056338,0.14285714285714285,15.535617715617718,0.0
PyOTI,4365,0,0.06666666666666667,0.6733167082294265,0.21996103052608787,0.3106060606060606,14.671927990708479,0.0
pyotp2289,8462,0,0.26666666666666666,0.9772727272727273,0.30809087285771225,0.16666666666666666,14.198640458785423,0.0
pyoutlineapi,20717,0,0.4,0.9297124600638977,0.25226908702616124,0.28205128205128205,53.38623526918187,0.0
pypandora,1176,0,0.13333333333333333,0.5277777777777778,0.2214765100671141,0.045454545454545456,20.070337381916328,0.0
PyPDNS,1382,0,0.2,0.45283018867924535,0.17558528428093645,0.09090909090909091,11.79058823529412,0.0
PyPhishtankLookup,932,0,0.13333333333333333,0.48,0.20060790273556234,0.07692307692307693,10.895606811145512,0.0
crl-monitor,3535,0,0.0,0.0,0.09322779243623572,0.0,36.56404002501563,0.0
pyramid_nacl_session,820,0,0.06666666666666667,0.12280701754385964,0.22300884955752212,0.13333333333333333,25.77458438996901,0.0
pyrdp,28791,0,0.4,0.3249619482496195,0.18818421345604336,0.040965618141916606,14.461266496977473,0.0
PyRedactKit,10248,6424,0.2,0.4307692307692308,0.2281059063136456,0.023255813953488372,16.20982254709283,0.0
securebox-py,264,0,0.0,0.5,0.189873417721519,0.125,0.0,0.0
pysecuritytxt,628,0,0.13333333333333333,0.15,0.1806020066889632,0.16666666666666666,19.307601410934748,0.0
pyshamir,2310,0,0.13333333333333333,0.25,0.16835016835016833,0.5,28.65542510121458,0.0
PyTaxonomies,4473,0,0.13333333333333333,0.0,0.026315789473684213,0.23529411764705882,43.13618566618567,0.0
python-axolotl,3179,0,0.4,0.07641196013289037,0.0792838874680307,0.10509554140127389,20.99918952108064,0.0
python-evtx,4461,0,0.13333333333333333,0.3069306930693069,0.251975051975052,0.011428571428571429,11.709749966027992,0.0
Locker,2562,0,0.13333333333333333,0.34615384615384615,0.24653739612188366,1.0,21.01421871081013,0.0
python-mbedtls,12763,0,0.26666666666666666,0.1323251417769376,0.07830940988835726,0.0603448275862069,15.485354657649268,0.0
zap-api-python,1114,0,0.26666666666666666,0.7679222357229648,0.4643244709712425,0.0014727540500736377,21.714504201680672,0.0
python-pam,2413,0,0.13333333333333333,0.23076923076923075,0.12049180327868853,0.0,18.54575,0.0
python-paseto,3588,0,0.13333333333333333,0.8625954198473282,0.17546848381601365,0.06666666666666667,21.337061528059504,0.0
pyvariot,976,0,0.13333333333333333,0.3703703703703704,0.26126126126126126,0.1,15.170420673076922,0.0
PyVulnerabilityLookup,1006,0,0.13333333333333333,0.5849056603773585,0.23159144893111638,0.015625,23.950833333333332,0.0
pywidevine,10193,0,0.4,0.47474747474747475,0.15921152388172857,0.28846153846153844,14.593090853685084,0.0
pzip,3269,0,0.26666666666666666,0.18181818181818182,0.10400000000000001,0.12121212121212122,16.194203345785287,0.0
quantcrypt,7939,48530,0.2,0.11242603550295857,0.18353804884935762,0.26693227091633465,16.395950218023255,0.0
license-server,4612,0,0.3333333333333333,0.9558823529411765,0.1776771443793287,0.16923076923076924,25.916634886613902,0.0
querycontacts,1847,98,0.2,0.41666666666666674,0.25157232704402516,0.6666666666666666,18.838036697247713,0.0
r3c0n,2439,0,0.26666666666666666,0.08823529411764706,0.09615384615384615,0.7037037037037037,31.545243986254295,0.0
randomgen,6474,0,0.2,0.0182328190743338,0.02296368989205103,0.01195219123505976,17.173356748893713,0.0
recoverpy,3127,0,0.2,0.09282700421940929,0.028188539741219962,0.011363636363636364,12.533805620608899,0.0
redirector,12214,0,0.4,0.8544303797468354,0.10970350404312669,0.01818181818181818,31.931119808032914,0.0
regex-patterns,3378,0,0.2,0.0660377358490566,0.04033485540334856,0.6276595744680851,26.548848314606747,0.0
requests-hardened,4400,0,0.26666666666666666,0.3418803418803419,0.22533692722371967,0.0625,19.53320996275605,0.0
Resono,5357,0,0.2,0.07142857142857142,0.025477707006369425,0.0,25.818695821185617,0.0
restricted-functions,8437,0,0.26666666666666666,0.1176470588235294,0.23076923076923075,0.5,22.871280945163424,0.0
reversible-anonymizer,9218,0,0.5333333333333333,0.8908045977011494,0.18652226233453673,0.1917808219178082,28.62998802619271,0.0
RAI,9737,61666,0.5333333333333333,0.0,0.007481296758104739,0.109375,13.988518325641532,0.0
revshellgen,8995,0,0.3333333333333333,0.25806451612903225,0.09840425531914894,0.0,21.787757692757697,0.0
py-rfc3230-digest-headers,10531,0,0.26666666666666666,0.375,0.17289423685877137,0.08196721311475409,19.076721771075025,0.0
rlacalc,2419,0,0.13333333333333333,0.75,0.40021929824561403,0.0,15.787951623447373,0.0
ropgen,5368,0,0.06666666666666667,0.6666666666666665,0.4063926940639269,0.625,28.48650561797753,0.0
python-rsa,4242,0,0.2,0.5596026490066225,0.3119602763385147,0.09285714285714286,11.287636092585949,0.0
RSArmageddon,11053,0,0.26666666666666666,0.18803418803418803,0.19508057675996607,0.0125,15.467861553378242,0.0
rulevis,7516,0,0.4,0.22641509433962267,0.10021321961620469,0.0,11.375991921124662,0.0
safe_store,28664,0,0.4,0.36807095343680707,0.1265625,0.1388888888888889,16.044923081963017,0.0
safety,9018,0,0.4,0.5638474295190713,0.1677789012470509,0.008347245409015025,20.313193520048845,0.0
samlibs-generate-password-python,6931,0,0.4666666666666667,0.9696969696969697,0.16915422885572137,0.034482758620689655,29.776951802349135,0.0
scapy,4621,0,0.4,0.2156835910770494,0.13794963587769415,0.2839756592292089,16.316089051640883,0.0
SecFlow,6341,0,0.3333333333333333,0.8897058823529411,0.15224398710637244,0.08629441624365482,22.552330798479087,0.0
secp256k2,6905,0,0.4666666666666667,0.25333333333333335,0.19762419006479484,0.17307692307692307,20.961414141414142,0.0
secret-run,12855,0,0.4666666666666667,0.9128919860627178,0.10038068523342016,0.006993006993006993,42.65640571350089,0.0
secretcrypt,3185,0,0.13333333333333333,0.12195121951219512,0.06367583212735166,0.26666666666666666,15.545740740740744,0.0
secretStuff,9124,0,0.4,0.9315068493150684,0.24793388429752067,0.5625,37.94072086720867,0.0
nmaptocsv,8445,0,0.26666666666666666,0.22916666666666663,0.2191977077363897,0.03125,43.91977087952698,0.0
securecredentials,5313,0,0.26666666666666666,0.6166666666666667,0.2493112947658402,0.05128205128205128,17.5707371007371,0.0
securekit,9992,0,0.4,0.7415254237288136,0.21148036253776437,0.609375,22.7828809759104,0.0
securesystemslib,2352,0,0.26666666666666666,0.6230936819172114,0.3221798258487428,0.22,19.209133827545845,0.0
security-constraints,4101,0,0.2,0.2916666666666667,0.051209103840682786,0.01098901098901099,15.07068376068376,0.0
security-scan,5619,0,0.3333333333333333,0.7838709677419353,0.13368513632365875,0.008547008547008548,19.09881720430108,0.0
sh-crypt,2421,0,0.13333333333333333,0.35294117647058826,0.2651851851851852,0.3793103448275862,15.34712581063554,0.0
ShadowBits,5411,0,0.26666666666666666,0.09523809523809523,0.04601769911504425,0.0,25.838188058298076,0.0
shadowseal,17742,0,0.4,0.8380281690140845,0.1526639344262295,0.034482758620689655,26.026622132983245,0.0
share_secret,1893,0,0.06666666666666667,0.1111111111111111,0.17032967032967034,0.0,12.130653594771246,0.0
sherlock,0,12047,0.0,0.5444444444444444,0.2706101537028412,0.02857142857142857,17.59800979383665,0.0
signledger,15963,0,0.26666666666666666,0.7854609929078015,0.13334955590704467,0.22885572139303484,59.19169507019262,0.0
sigstore-python,14425,0,0.4,0.5769230769230769,0.24018340975406421,0.024193548387096774,19.324521473452872,0.0
SimpleSecurity,9957,0,0.3333333333333333,0.45588235294117646,0.20426632191338073,0.44680851063829785,17.278716744913925,0.0
sipg,5835,0,0.4,0.9387755102040817,0.27321237993596587,0.0,12.444319248826293,0.0
sipvicious,2522,58987,0.3333333333333333,0.0564516129032258,0.039473684210526314,0.05,11.478518362622328,0.0
ska,49182,444,0.4666666666666667,0.6255230125523012,0.22368577192357897,0.1308411214953271,19.8412258672108,0.0
skrapa,6937,0,0.26666666666666666,0.2932330827067669,0.13626075147125397,0.0967741935483871,23.240752313132784,0.0
smartdoor,3660,0,0.2,0.85,0.3159090909090909,0.0,11.85737142857143,0.0
smev-transform,8824,0,0.2,0.9767441860465115,0.2740029542097489,0.6875,12.852086984745213,0.0
sopsy,2054,0,0.26666666666666666,0.9420289855072465,0.19710467706013365,0.06896551724137931,20.339561157796457,0.0
Spartan,5328,0,0.26666666666666666,0.0,0.01921397379912664,0.0392156862745098,10.057144053601341,0.0
ssh-audit,35903,42125,0.4666666666666667,0.2168458781362007,0.12972714217328865,0.02857142857142857,17.0346307564021,0.0
ssh_tools_suite,8889,0,0.5333333333333333,0.9127906976744186,0.1503870254330999,0.3130434782608696,26.871117612945742,0.0
stats-service,2890,0,0.13333333333333333,0.4906832298136646,0.13347785692164757,0.02040816326530612,17.847510081813336,0.0
Stegano,2988,0,0.13333333333333333,0.39568345323741005,0.23856613102595797,0.24,15.665319031765502,0.0
StegHub,3247,0,0.2,0.5,0.07222222222222223,0.0,41.278563127311145,0.0
stepped-augustus,2496,0,0.13333333333333333,0.35,0.22406639004149376,0.1,18.58381910710155,0.0
stoplight,3803,0,0.2,0.19090909090909094,0.19702276707530647,0.075,15.840529576919351,0.0
stronghold,3564,0,0.2,0.6875,0.2675521821631878,0.0,9.646880488736162,0.0
suiyue-crypto,2116,0,0.06666666666666667,0.7045454545454546,0.1640449438202247,0.08695652173913043,22.804814814814815,0.0
Super-Secref-Finder,4684,0,0.3333333333333333,0.21428571428571427,0.06807511737089202,0.0,13.775752032520327,0.0
superparsenmap,2965,0,0.2,0.0,0.08571428571428572,0.0,20.293138461538465,0.0
suricata-language-server,12941,0,0.4,0.08771929824561403,0.07924984875983061,0.0,17.13634340222576,0.0
tcex,2003,0,0.2,0.976373182552504,0.255762245174968,0.0021598272138228943,50.92814814814815,0.0
tcex-app-testing,2014,0,0.2,0.9756944444444444,0.21675662414131502,0.009146341463414634,39.620000000000005,0.0
tcex-cli,1944,0,0.2,0.9926362297496318,0.1893923789907312,0.0,43.31271386430679,0.0
tea2adt,8697,0,0.26666666666666666,0.0,0.25317220543806646,0.0,14.6564098950377,0.0
tempenv,3447,0,0.13333333333333333,0.3684210526315789,0.4709543568464731,1.6,22.467074829931978,0.0
tempfox,7074,0,0.3333333333333333,0.9811320754716981,0.10998552821997105,0.0,20.46348439881287,0.0
tgbox,5306,0,0.26666666666666666,0.6990291262135923,0.35584572812175713,0.3375,14.357722063365276,0.0
tgbox-cli,3311,0,0.2,0.4777777777777778,0.16939429728361735,0.0,15.058423447537475,0.0
thg-framework,3197,0,0.06666666666666667,0.0,0.2256726324522935,0.0024691358024691358,17.083887313961736,0.0
thoryvos,2645,0,0.26666666666666666,0.7286821705426356,0.0025215198678375794,0.07407407407407407,15.686823356591997,0.0
thug,2695,5127,0.2,0.056168751532989954,0.08980817670993993,0.2061128526645768,29.321887515712273,0.0
TimeSleuth,14743,0,0.26666666666666666,0.9154929577464789,0.23901747756258857,0.3548387096774194,42.28097046634842,0.0
tongsuo-python-sdk,2552,0,0.13333333333333333,0.11690363349131122,0.06935548438751,0.16326530612244897,59.840483870967745,0.0
traylinx-auth-client-py,31474,0,0.6666666666666666,0.799373040752351,0.21860381432169845,0.5,22.999497980622348,0.0
troml_dev_status,8118,0,0.26666666666666666,0.48484848484848486,0.15023419203747074,0.04522613065326633,11.15058614939407,0.0
trustme,4350,0,0.3333333333333333,0.1891891891891892,0.17076700434153402,0.16,13.959860901533649,0.0
python-tuf,6584,0,0.3333333333333333,0.521870286576169,0.27756829549826856,0.2971014492753623,17.922650510348628,0.0
turbosearch,5534,3049,0.2,0.3106060606060606,0.050612508059316566,0.011764705882352941,19.93004391574998,0.0
unja,5638,51,0.2,0.0,0.011730205278592375,0.0,16.97857142857143,0.0
unlimitediplist,11123,0,0.3333333333333333,0.5652173913043478,0.10869565217391304,0.65,17.159949458483755,0.0
updog,3185,0,0.2,0.0,0.09210526315789475,0.0,15.489167327517844,0.0
updog2,3132,0,0.2,0.1794871794871795,0.1315345699831366,0.0,15.549593771157753,0.0
updog3,4735,0,0.26666666666666666,0.0,0.09477756286266924,0.0,17.159612403100777,0.0
URL-Extractor,10323,0,0.3333333333333333,0.8055555555555556,0.10808270676691728,0.0,37.4325584741234,0.0
uro,2627,0,0.13333333333333333,0.7391304347826086,0.1590909090909091,0.0,7.354668856048168,0.0
userprovided,17965,0,0.2,0.3883495145631068,0.33725622057834564,0.26666666666666666,18.81232652086094,0.0
micro-server,7482,0,0.13333333333333333,0.7265625,0.36466552315608924,0.9821428571428571,10.997705762080319,0.0
verifly-python-sdk,11156,0,0.4,0.9122807017543859,0.3848580441640379,0.6857142857142857,40.43204301075269,0.0
verifyo-python-sdk,12569,0,0.4666666666666667,1.0,0.2041820418204182,0.41379310344827586,34.75380550532449,0.0
virgil-crypto-c,9366,0,0.2,0.6106912958298348,0.3738677675765605,0.0031364349189754314,8.794376582382014,0.0
viv-utils,79,0,0.06666666666666667,0.25311203319502074,0.25551192993053456,0.0,0.0,0.0
vulnerability-analyzer,31210,0,0.4,0.9598540145985401,0.14447670399557583,0.24347826086956523,57.58265968944271,0.0
vulnq,5691,0,0.2,0.9915966386554622,0.2609071274298056,0.15384615384615385,32.80861231967026,0.0
wafw00f,12556,15045,0.2,0.41745283018867924,0.19953051643192488,0.23333333333333334,14.71625809001532,0.0
wapiti,9775,36780,0.4,0.19643716899374097,0.10968769311213576,0.08922558922558922,14.71037170837447,0.0
wappalyzer-next,6262,0,0.26666666666666666,0.17391304347826086,0.047244094488188976,0.0,14.167120446533492,0.0
wasm-tob,4970,0,0.13333333333333333,0.2857142857142857,0.08370044052863436,0.189873417721519,22.19851283048212,0.0
webamon-cli,10728,0,0.4,1.0,0.1885135135135135,0.0,27.548065390279827,0.0
wesng,5373,15135,0.2,0.0,0.16321656050955416,0.0,15.246082367804298,0.0
whois-similarity-distance,1595,0,0.26666666666666666,0.0,0.04178272980501393,0.0,22.425555555555558,0.0
wpat,5141,0,0.26666666666666666,0.06976744186046512,0.030506201810258128,0.0,21.820342497312243,0.0
cloner,5404,0,0.2,0.22448979591836735,0.05961070559610706,0.0,14.370118731842876,0.0
xnet,6765,0,0.26666666666666666,0.17972350230414746,0.024233576642335768,0.2840909090909091,15.521183413078152,0.0
XSRFProbe,6093,54190,0.4,0.35,0.19040930979133225,0.017543859649122806,16.881363253145995,0.0
xtt-python,2744,0,0.13333333333333333,0.13551401869158877,0.17181383210091344,0.12962962962962962,18.400717108977982,0.0
yaralyzer,9635,0,0.4666666666666667,0.7248908296943232,0.2668367346938776,0.02962962962962963,13.040925588919222,0.0
ychaos,2180,0,0.2,0.13936170212765958,0.12913188647746243,0.26595744680851063,12.912257182127664,0.0
python-yubihsm,4352,0,0.3333333333333333,0.44594594594594594,0.2211125158027813,0.11046511627906977,12.78460023278718,0.0
Sentinel,0,0,0.0,0.9166666666666665,0.17890772128060262,0.16666666666666666,19.548173327989876,0.0
zanshin-cli,51106,33,0.26666666666666666,0.6201550387596899,0.16514726507713884,0.011904761904761904,20.843656074842674,0.0
icecertutils,3866,0,0.13333333333333333,0.0,0.05997001499250374,0.16666666666666666,17.85144641418211,0.0
ice,5481,0,0.26666666666666666,0.10314987885081343,0.13128342923775002,0.0066857688634192934,17.554801297648016,0.0
zscaler-sdk-python,67946,0,0.6666666666666666,0.785567779228044,0.3569627236188825,0.0385578367551327,22.84262016133248,0.0
